{
  "clientes": [
    {
      "id": 1,
      "nameCliente": "Luisa",
      "emailCliente": "luisa@gmail.com",
      "claveCliente": "1234567",
      "telefonoCliente": "950000123",
      "vehiculoCliente": "POO138"
    },
    {
      "id": 2,
      "nameCliente": "Daniel",
      "emailCliente": "daniel@gmail.com",
      "claveCliente": "1111111",
      "telefonoCliente": "963852741",
      "vehiculoCliente": "P34TI5"
    },
    {
      "id": 3,
      "nameCliente": "Tejon",
      "emailCliente": "tejon@gmail.com",
      "claveCliente": "7654321",
      "telefonoCliente": "936145728",
      "vehiculoCliente": "DY4TRI"
    },
    {
      "id": 4,
      "nameCliente": "Capibara",
      "emailCliente": "capibara@gmail.com",
      "claveCliente": "1233214",
      "telefonoCliente": "951746328",
      "vehiculoCliente": "PUB123"
    }
  ],
  "vehiculos": [
    {
      "codeVehiculo": "MDF-845",
      "DAno": "2022-09-09",
      "cliente": {
        "id": 2
      },
      "NMarca": "Toyota",
      "NModelo": "Subaru"
    }
  ]
}